{
  "tick": 800,
  "body": {
    "mass": 59,
    "mean_energy": 0.3417,
    "mean_health": 0.9507,
    "compactness": 0.343,
    "center_of_mass": [
      27.661016949152543,
      34.42372881355932
    ],
    "cell_type_distribution": {
      "stem": 0.0847457627118644,
      "membrane": 0.711864406779661,
      "storage": 0.2033898305084746
    },
    "total_resources_collected": 348.8738,
    "total_damage_taken": 0.8532
  },
  "global_modulators": {
    "growth_direction_x": 0.2561504248284029,
    "growth_direction_y": -0.9666369328037433,
    "growth_strength": 0.2701334624869317,
    "repair_bias": 0.48,
    "prune_bias": 0.36658455240891075,
    "metabolic_thrift": 0.49710222932745046,
    "hazard_avoidance": 0.74,
    "compactness_bias": 0.7697295969559531,
    "storage_bias": 0.6094838175774803,
    "membrane_bias": 0.5054621458265534
  },
  "last_intent": {
    "intent": "seek_energy_preserve_integrity",
    "risk_tolerance": 0.26,
    "growth_bias": [
      -0.8201,
      -0.5722
    ],
    "repair_priority": 0.48,
    "exploration_weight": 0.18,
    "metabolism_mode": "balanced",
    "preferred_shape": "compact",
    "storage_bias": 0.5,
    "membrane_bias": 0.46,
    "mass_hint": 59
  },
  "world_summary": {
    "resource_cells": 111,
    "mean_nutrient": 0.0271,
    "mean_toxin": 0.0
  }
}