{
  "tick": 600,
  "body": {
    "mass": 58,
    "mean_energy": 0.3884,
    "mean_health": 0.9512,
    "compactness": 0.3452,
    "center_of_mass": [
      27.551724137931036,
      34.3448275862069
    ],
    "cell_type_distribution": {
      "stem": 0.08620689655172414,
      "membrane": 0.7068965517241379,
      "storage": 0.20689655172413793
    },
    "total_resources_collected": 277.4656,
    "total_damage_taken": 0.324
  },
  "global_modulators": {
    "growth_direction_x": 0.0,
    "growth_direction_y": 0.0,
    "growth_strength": 0.3551082633933754,
    "repair_bias": 0.48,
    "prune_bias": 0.37268459026515643,
    "metabolic_thrift": 0.44338766703731547,
    "hazard_avoidance": 0.74,
    "compactness_bias": 0.824543768385521,
    "storage_bias": 0.4152103807865325,
    "membrane_bias": 0.34677848699582403
  },
  "last_intent": {
    "intent": "seek_energy_preserve_integrity",
    "risk_tolerance": 0.26,
    "growth_bias": [
      -0.24302500000000005,
      0.18194500000000002
    ],
    "repair_priority": 0.48,
    "exploration_weight": 0.18,
    "metabolism_mode": "balanced",
    "preferred_shape": "compact",
    "storage_bias": 0.5,
    "membrane_bias": 0.46,
    "mass_hint": 58
  },
  "world_summary": {
    "resource_cells": 111,
    "mean_nutrient": 0.0272,
    "mean_toxin": 0.0
  }
}