{
  "tick": 200,
  "body": {
    "mass": 58,
    "mean_energy": 0.4025,
    "mean_health": 0.9492,
    "compactness": 0.3258,
    "center_of_mass": [
      31.603448275862068,
      33.39655172413793
    ],
    "cell_type_distribution": {
      "stem": 0.08620689655172414,
      "membrane": 0.7758620689655172,
      "storage": 0.13793103448275862
    },
    "total_resources_collected": 153.5012,
    "total_damage_taken": 0.3267
  },
  "global_modulators": {
    "growth_direction_x": -0.7943228011822278,
    "growth_direction_y": -0.6074959156422528,
    "growth_strength": 0.4318409051547507,
    "repair_bias": 0.48,
    "prune_bias": 0.3124728316526642,
    "metabolic_thrift": 0.47571563263245475,
    "hazard_avoidance": 0.7399999999999999,
    "compactness_bias": 0.8335107076970298,
    "storage_bias": 0.6291017589636031,
    "membrane_bias": 0.5037856801422465
  },
  "last_intent": {
    "intent": "seek_energy_preserve_integrity",
    "risk_tolerance": 0.26,
    "growth_bias": [
      -0.89729,
      0.427755
    ],
    "repair_priority": 0.48,
    "exploration_weight": 0.18,
    "metabolism_mode": "balanced",
    "preferred_shape": "compact",
    "storage_bias": 0.38,
    "membrane_bias": 0.46,
    "mass_hint": 58
  },
  "world_summary": {
    "resource_cells": 111,
    "mean_nutrient": 0.031,
    "mean_toxin": 0.0
  }
}