{
  "tick": 100,
  "body": {
    "mass": 68,
    "mean_energy": 0.1147,
    "mean_health": 0.9507,
    "compactness": 0.3617,
    "center_of_mass": [
      31.014705882352942,
      35.39705882352941
    ],
    "cell_type_distribution": {
      "stem": 0.07352941176470588,
      "membrane": 0.7941176470588235,
      "storage": 0.1323529411764706
    },
    "total_resources_collected": 112.1197,
    "total_damage_taken": 0.3267
  },
  "global_modulators": {
    "growth_direction_x": 0.8123864692036225,
    "growth_direction_y": -0.5831193914241506,
    "growth_strength": 0.4041129347811079,
    "repair_bias": 0.48,
    "prune_bias": 0.2967995145599517,
    "metabolic_thrift": 0.5689088503787397,
    "hazard_avoidance": 0.7400000000000001,
    "compactness_bias": 0.854310001389892,
    "storage_bias": 0.5928574215328541,
    "membrane_bias": 0.4365117556313904
  },
  "last_intent": {
    "intent": "seek_energy_preserve_integrity",
    "risk_tolerance": 0.26,
    "growth_bias": [
      0.76286,
      -0.54757
    ],
    "repair_priority": 0.48,
    "exploration_weight": 0.18,
    "metabolism_mode": "conservative",
    "preferred_shape": "compact",
    "storage_bias": 0.58,
    "membrane_bias": 0.46,
    "mass_hint": 68
  },
  "world_summary": {
    "resource_cells": 111,
    "mean_nutrient": 0.0393,
    "mean_toxin": 0.0022
  }
}