{
  "tick": 900,
  "body": {
    "mass": 59,
    "mean_energy": 0.3646,
    "mean_health": 0.9512,
    "compactness": 0.343,
    "center_of_mass": [
      27.64406779661017,
      34.42372881355932
    ],
    "cell_type_distribution": {
      "stem": 0.0847457627118644,
      "membrane": 0.711864406779661,
      "storage": 0.2033898305084746
    },
    "total_resources_collected": 384.371,
    "total_damage_taken": 0.8532
  },
  "global_modulators": {
    "growth_direction_x": -0.9703622103031526,
    "growth_direction_y": -0.24165508646742848,
    "growth_strength": 0.48779584062247827,
    "repair_bias": 0.48,
    "prune_bias": 0.3405889245978846,
    "metabolic_thrift": 0.5287603523721214,
    "hazard_avoidance": 0.74,
    "compactness_bias": 0.7518588150040338,
    "storage_bias": 0.5721795248642082,
    "membrane_bias": 0.5322495858200464
  },
  "last_intent": {
    "intent": "seek_energy_preserve_integrity",
    "risk_tolerance": 0.26,
    "growth_bias": [
      0.12573499999999993,
      -0.465675
    ],
    "repair_priority": 0.48,
    "exploration_weight": 0.18,
    "metabolism_mode": "balanced",
    "preferred_shape": "compact",
    "storage_bias": 0.5,
    "membrane_bias": 0.46,
    "mass_hint": 59
  },
  "world_summary": {
    "resource_cells": 111,
    "mean_nutrient": 0.027,
    "mean_toxin": 0.0
  }
}